"Song Name",Artists
"Mann Bharrya","B Praak"
"Rabba Ve","B Praak"
"Bewafai Kar Gaya - From "Lekh"""","B Praak"
Beliya,"B Praak"
"Valentine Mashup 2020","B Praak"
"Bewafai Kar Gaya","B Praak"
Bewafaai,"B Praak"
"Mann Bharrya","B Praak"
"Rabba Ve","B Praak"
"Bewafai Kar Gaya - From "Lekh"""","B Praak"
Beliya,"B Praak"
"Valentine Mashup 2020","B Praak"
"Bewafai Kar Gaya","B Praak"
Bewafaai,"B Praak"
"Mann Bharrya","B Praak"
"Rabba Ve","B Praak"
"Bewafai Kar Gaya - From "Lekh"""","B Praak"
Beliya,"B Praak"
"Valentine Mashup 2020","B Praak"
"Bewafai Kar Gaya","B Praak"
Bewafaai,"B Praak"
"Mann Bharrya","B Praak"
"Rabba Ve","B Praak"
"Bewafai Kar Gaya - From "Lekh"""","B Praak"
Beliya,"B Praak"
"Valentine Mashup 2020","B Praak"
"Bewafai Kar Gaya","B Praak"
Bewafaai,"B Praak"
"Rabba Ve","B Praak"
"Bewafai Kar Gaya - From "Lekh"""","B Praak"
Beliya,"B Praak"
"Valentine Mashup 2020","B Praak"
"Bewafai Kar Gaya","B Praak"
Bewafaai,"B Praak"
"Rabba Ve","B Praak"
"Bewafai Kar Gaya - From "Lekh"""","B Praak"
Beliya,"B Praak"
"Valentine Mashup 2020","B Praak"
"Bewafai Kar Gaya","B Praak"
Bewafaai,"B Praak"
"Rabba Ve","B Praak"
"Bewafai Kar Gaya - From "Lekh"""","B Praak"
"Valentine Mashup 2020","B Praak"
"Bewafai Kar Gaya","B Praak"
Bewafaai,"B Praak"
"Rabba Ve","B Praak"
"Valentine Mashup 2020","B Praak"
"Bewafai Kar Gaya","B Praak"
Bewafaai,"B Praak"
